gt_class\pred_class,plastic_bottle,plastic_bottle_cap,non_pet_food_beverage_container,non_food_plastic_bottle,takeaway_beverage_cup,straw,disposable_tableware,plastic_bag,food_wrapper,metal_can,cigarette_butt,lighter,drink_carton,glass_bottle,fishing_net_rope,fishing_buoy_float,fishing_gear,syringe_needle,toothbrush,other,plastic_lid,cup,foam_buoy_float,cigarette_pack,textile,net_like_item,anthropogenic_fragment,disposable_food_container,soft_float,foam_container,non_pet_food_container,non_food_plastic_container,aluminum_packaging,fish_trap_and_bait,background
plastic_bottle,0.813758,0.001678,0.0,0.003356,0.0,0.0,0.0,0.010067,0.001678,0.0,0.0,0.0,0.003356,0.006711,0.0,0.001678,0.0,0.0,0.0,0.0,0.0,0.001678,0.003356,0.0,0.006711,0.0,0.0,0.0,0.001678,0.0,0.0,0.0,0.0,0.0,0.144295
plastic_bottle_cap,0.006329,0.683544,0.0,0.0,0.0,0.0,0.006329,0.0,0.0,0.006329,0.0,0.006329,0.0,0.0,0.0,0.012658,0.0,0.0,0.0,0.031646,0.012658,0.006329,0.0,0.0,0.0,0.0,0.012658,0.025316,0.0,0.0,0.0,0.0,0.0,0.0,0.189873
non_pet_food_beverage_container,0.170732,0.0,0.317073,0.219512,0.02439,0.0,0.0,0.0,0.0,0.02439,0.0,0.04878,0.0,0.02439,0.0,0.0,0.0,0.0,0.0,0.0,0.0,0.0,0.0,0.0,0.0,0.0,0.0,0.0,0.0,0.0,0.0,0.0,0.0,0.0,0.170732
non_food_plastic_bottle,0.161905,0.009524,0.095238,0.447619,0.0,0.0,0.0,0.0,0.009524,0.0,0.0,0.019048,0.0,0.0,0.0,0.019048,0.0,0.0,0.0,0.0,0.0,0.0,0.028571,0.0,0.009524,0.0,0.019048,0.057143,0.009524,0.0,0.0,0.009524,0.0,0.0,0.104762
takeaway_beverage_cup,0.073171,0.0,0.0,0.02439,0.512195,0.0,0.0,0.0,0.0,0.0,0.0,0.0,0.0,0.02439,0.0,0.0,0.0,0.0,0.0,0.0,0.0,0.146341,0.02439,0.0,0.0,0.0,0.02439,0.0,0.0,0.04878,0.0,0.0,0.0,0.0,0.121951
straw,0.0,0.0,0.0,0.0,0.0,0.666667,0.0,0.0,0.0,0.0,0.0,0.0,0.0,0.0,0.0,0.0,0.013889,0.0,0.013889,0.041667,0.0,0.0,0.0,0.0,0.0,0.0,0.0,0.0,0.0,0.0,0.0,0.0,0.0,0.0,0.263889
disposable_tableware,0.0,0.04,0.0,0.0,0.0,0.12,0.56,0.0,0.04,0.0,0.0,0.0,0.0,0.0,0.0,0.0,0.0,0.0,0.0,0.0,0.0,0.0,0.0,0.0,0.0,0.0,0.0,0.0,0.0,0.0,0.0,0.0,0.0,0.0,0.24
plastic_bag,0.016807,0.0,0.0,0.0,0.0,0.0,0.0,0.596639,0.016807,0.0,0.0,0.0,0.0,0.0,0.0,0.0,0.0,0.0,0.0,0.058824,0.0,0.008403,0.0,0.0,0.0,0.0,0.0,0.0,0.0,0.0,0.0,0.0,0.0,0.0,0.302521
food_wrapper,0.028169,0.0,0.0,0.0,0.028169,0.0,0.014085,0.084507,0.591549,0.014085,0.0,0.014085,0.028169,0.0,0.0,0.0,0.0,0.0,0.0,0.014085,0.0,0.0,0.0,0.014085,0.0,0.0,0.042254,0.0,0.0,0.0,0.0,0.0,0.0,0.0,0.126761
metal_can,0.09434,0.0,0.037736,0.0,0.018868,0.0,0.0,0.0,0.018868,0.54717,0.0,0.0,0.075472,0.018868,0.0,0.0,0.0,0.0,0.0,0.0,0.0,0.0,0.0,0.0,0.0,0.0,0.0,0.018868,0.0,0.0,0.0,0.0,0.0,0.018868,0.150943
cigarette_butt,0.0,0.0,0.0,0.0,0.0,0.0,0.0,0.0,0.0,0.0,0.75,0.0,0.0,0.0,0.0,0.0,0.0,0.0,0.0,0.038462,0.0,0.0,0.0,0.0,0.0,0.0,0.0,0.0,0.0,0.0,0.0,0.0,0.0,0.0,0.211538
lighter,0.0,0.0,0.0,0.025,0.0,0.0,0.0,0.0,0.025,0.0,0.025,0.7,0.025,0.0,0.0,0.025,0.0,0.025,0.0,0.0,0.0,0.0,0.0,0.0,0.0,0.0,0.025,0.0,0.0,0.0,0.0,0.0,0.0,0.025,0.1
drink_carton,0.0,0.025641,0.0,0.0,0.0,0.0,0.0,0.0,0.179487,0.0,0.0,0.0,0.589744,0.0,0.0,0.0,0.0,0.0,0.0,0.0,0.0,0.0,0.025641,0.0,0.0,0.0,0.0,0.025641,0.0,0.0,0.0,0.0,0.0,0.0,0.153846
glass_bottle,0.058252,0.0,0.0,0.009709,0.009709,0.0,0.0,0.0,0.0,0.009709,0.0,0.009709,0.0,0.747573,0.0,0.0,0.0,0.0,0.0,0.0,0.0,0.0,0.0,0.0,0.0,0.0,0.0,0.0,0.0,0.0,0.0,0.0,0.0,0.0,0.15534
fishing_net_rope,0.0,0.0,0.0,0.0,0.0,0.005025,0.0,0.0,0.0,0.0,0.0,0.0,0.0,0.0,0.628141,0.0,0.0,0.0,0.0,0.005025,0.0,0.0,0.0,0.0,0.0,0.020101,0.005025,0.0,0.0,0.0,0.0,0.0,0.0,0.0,0.336683
fishing_buoy_float,0.005263,0.010526,0.010526,0.010526,0.0,0.005263,0.0,0.0,0.0,0.0,0.0,0.005263,0.0,0.0,0.0,0.6,0.005263,0.0,0.0,0.0,0.0,0.0,0.026316,0.0,0.005263,0.0,0.005263,0.0,0.010526,0.0,0.0,0.0,0.0,0.0,0.3
fishing_gear,0.0,0.0,0.0,0.0,0.0,0.0,0.105263,0.0,0.052632,0.0,0.0,0.0,0.0,0.0,0.0,0.210526,0.263158,0.0,0.105263,0.105263,0.0,0.0,0.0,0.0,0.0,0.0,0.0,0.0,0.0,0.0,0.0,0.0,0.0,0.0,0.157895
syringe_needle,0.0,0.0,0.0,0.0,0.0,0.0625,0.0625,0.0,0.0,0.0,0.0,0.0,0.0,0.0,0.0,0.0,0.0,0.625,0.0,0.0625,0.0,0.0,0.0,0.0,0.0,0.0,0.0,0.0,0.0,0.0,0.0,0.0,0.0,0.0,0.1875
toothbrush,0.0,0.0,0.0,0.0,0.0,0.315789,0.0,0.0,0.0,0.0,0.0,0.0,0.0,0.0,0.0,0.0,0.052632,0.0,0.631579,0.0,0.0,0.0,0.0,0.0,0.0,0.0,0.0,0.0,0.0,0.0,0.0,0.0,0.0,0.0,0.0
other,0.00641,0.070513,0.0,0.012821,0.0,0.00641,0.00641,0.064103,0.038462,0.00641,0.0,0.012821,0.00641,0.0,0.012821,0.0,0.00641,0.00641,0.0,0.24359,0.00641,0.0,0.025641,0.00641,0.019231,0.0,0.038462,0.025641,0.00641,0.00641,0.0,0.0,0.0,0.012821,0.352564
plastic_lid,0.0,0.0,0.0,0.0,0.0,0.0,0.0,0.0,0.0,0.0,0.0,0.0,0.0,0.0,0.0,0.0,0.0,0.0,0.0,0.047619,0.809524,0.0,0.0,0.0,0.0,0.0,0.0,0.0,0.0,0.0,0.0,0.0,0.0,0.0,0.142857
cup,0.0,0.0,0.0,0.028571,0.114286,0.0,0.0,0.028571,0.0,0.0,0.0,0.0,0.0,0.0,0.0,0.0,0.0,0.0,0.0,0.028571,0.028571,0.542857,0.0,0.0,0.0,0.0,0.0,0.057143,0.0,0.0,0.028571,0.0,0.0,0.0,0.142857
foam_buoy_float,0.01476,0.0,0.0,0.0,0.0,0.0,0.0,0.00738,0.0,0.0,0.0,0.0,0.0,0.0,0.0,0.00738,0.0,0.0,0.0,0.00738,0.0,0.0,0.575646,0.0,0.0,0.0,0.077491,0.0,0.0,0.00738,0.0,0.0,0.0,0.0,0.302583
cigarette_pack,0.1,0.0,0.0,0.0,0.0,0.0,0.0,0.0,0.0,0.0,0.0,0.0,0.6,0.0,0.0,0.0,0.0,0.0,0.0,0.0,0.0,0.0,0.0,0.1,0.0,0.0,0.0,0.2,0.0,0.0,0.0,0.0,0.0,0.0,0.0
textile,0.05,0.0,0.0,0.025,0.0,0.0,0.0,0.05,0.0,0.0,0.0,0.025,0.0,0.0,0.0,0.025,0.0,0.0,0.0,0.025,0.0,0.025,0.025,0.0,0.4,0.0,0.0,0.075,0.0,0.0,0.0,0.0,0.0,0.025,0.25
net_like_item,0.0,0.0,0.0,0.0,0.0,0.0,0.0,0.0,0.0,0.0,0.0,0.0,0.0,0.0,0.148148,0.0,0.0,0.0,0.0,0.037037,0.0,0.0,0.0,0.0,0.0,0.407407,0.037037,0.0,0.0,0.0,0.0,0.0,0.0,0.037037,0.333333
anthropogenic_fragment,0.001484,0.002967,0.0,0.001484,0.0,0.0,0.001484,0.002967,0.0,0.0,0.001484,0.0,0.0,0.0,0.005935,0.002967,0.0,0.0,0.001484,0.010386,0.0,0.0,0.066766,0.0,0.001484,0.001484,0.256677,0.002967,0.005935,0.0,0.0,0.0,0.0,0.001484,0.630564
disposable_food_container,0.0,0.012195,0.0,0.012195,0.012195,0.0,0.0,0.02439,0.036585,0.012195,0.0,0.0,0.036585,0.0,0.0,0.0,0.0,0.0,0.0,0.036585,0.02439,0.036585,0.012195,0.0,0.04878,0.0,0.02439,0.487805,0.0,0.02439,0.012195,0.0,0.0,0.0,0.146341
soft_float,0.0,0.0,0.0,0.0,0.0,0.0,0.0,0.0,0.0,0.0,0.0,0.0,0.0,0.0,0.0,0.008,0.0,0.0,0.0,0.032,0.0,0.0,0.016,0.0,0.0,0.0,0.0,0.016,0.296,0.0,0.0,0.0,0.0,0.0,0.632
foam_container,0.032258,0.032258,0.0,0.064516,0.0,0.0,0.0,0.0,0.0,0.0,0.0,0.0,0.0,0.0,0.0,0.0,0.0,0.0,0.0,0.032258,0.0,0.032258,0.322581,0.0,0.0,0.0,0.064516,0.0,0.0,0.258065,0.0,0.0,0.0,0.0,0.16129
non_pet_food_container,0.0,0.0,0.0,0.0,0.266667,0.0,0.0,0.066667,0.066667,0.066667,0.0,0.0,0.0,0.0,0.0,0.0,0.0,0.0,0.0,0.066667,0.066667,0.2,0.0,0.0,0.0,0.0,0.0,0.0,0.0,0.0,0.0,0.0,0.0,0.0,0.2
non_food_plastic_container,0.0,0.0,0.0,0.4,0.0,0.0,0.0,0.0,0.0,0.0,0.0,0.0,0.0,0.0,0.0,0.0,0.0,0.0,0.0,0.0,0.0,0.0,0.0,0.0,0.0,0.0,0.0,0.0,0.2,0.0,0.0,0.2,0.0,0.0,0.2
aluminum_packaging,0.0,0.0,0.0,1.0,0.0,0.0,0.0,0.0,0.0,0.0,0.0,0.0,0.0,0.0,0.0,0.0,0.0,0.0,0.0,0.0,0.0,0.0,0.0,0.0,0.0,0.0,0.0,0.0,0.0,0.0,0.0,0.0,0.0,0.0,0.0
fish_trap_and_bait,0.0,0.0,0.0,0.0,0.0,0.0,0.0,0.0,0.0,0.0,0.0,0.0,0.0,0.0,0.0,0.0,0.0,0.0,0.0,0.0,0.0,0.0,0.0,0.0,0.0,0.076923,0.0,0.0,0.0,0.0,0.0,0.0,0.0,0.769231,0.153846
background,0.130677,0.025023,0.012048,0.015755,0.012048,0.018536,0.007414,0.040778,0.013902,0.012048,0.013902,0.006487,0.009268,0.02317,0.052827,0.029657,0.005561,0.000927,0.000927,0.044486,0.006487,0.008341,0.096386,0.004634,0.014829,0.015755,0.311399,0.015755,0.040778,0.003707,0.001854,0.003707,0.0,0.000927,0.0
